Product_Name,Unit_Price,Qty_in_Stock,Description
Canon varioPRINT 6180 TITAN,0,0,"[Series: VarioPrint 6000 TITAN] Print speed (BW/CL): 182 ppm Maximum monthly print volume (A4): 300,000 – 2,500,000 (images A4) Print Resolution (dpi): LED, 600 x 1200 dpi, 85/106/125/141/180 Registration tolerance: <+/- 0.3 mm Supported media weights: 50 to 300 gsm"
Canon varioPRINT 6220 TITAN,0,0,"[Series: VarioPrint 6000 TITAN] Print speed (BW/CL): 221 ppm Maximum monthly print volume (A4): 500,000 – 5,000,000 (images A4) Print Resolution (dpi): LED, 600 x 1200 dpi, 85/106/125/141/180 lpi Registration tolerance: <+/- 0.3 mm Supported media weights: 50 to 300 gsm"
Canon varioPRINT 6270 TITAN,0,0,"[Series: VarioPrint 6000 TITAN] Print speed (BW/CL): 272 ppm Maximum monthly print volume (A4): 750,000 – 8,000,000 (images A4) Print Resolution (dpi): LED, 600 x 1200 dpi, 85/106/125/141/180 lpi Registration tolerance: <+/- 0.3 mm Supported media weights: 50 to 300 gsm"
Canon varioPRINT 6330 TITAN,0,0,"[Series: VarioPrint 6000 TITAN] Print speed (BW/CL): 328 ppm Maximum monthly print volume (A4): 1,000,000 – 10,000,000 (images A4) Print Resolution (dpi): LED, 600 x 1200 dpi, 85/106/125/141/180 lpi Registration tolerance: <+/- 0.3 mm Supported media weights: 50 to 300 gsm"
Canon High Capacity Stacker (VarioPrint 6000 TITAN),0,0,"[Series: VarioPrint 6000 TITAN] Description: Three high capacity stackers can be included Stacks paper size: 2 x 3,000 sheets (80 gsm) per stacker. All paper input sizes and weights are supported Maximum paper capacity: 18,000 sheets (3 stackers) Features: Tab printing, DFD finishing for third-party finishing"
Canon PAPER INPUT MODULE FLEX (VarioPrint 6000 TITAN),0,0,"[Series: VarioPrint 6000 TITAN] Description: Flexible paper input module that can also handle 350x500 paper sizes. Can be used as Standard Paper module (as first module after the engine). With double sheet detection, air separation with vacuum feed and pre-separation technologies. Paper Trays: 2 x 600 sheets, 2 x 1,650 sheets (80 gsm) paper module Paper size: Upper 2 trays: 203 x 203 mm (LEF) - 488 x 320 mm; Statement (178 x 254 mm) 2 bulk trays: 203x208 mm (LEF) - 500 x 350 mm (SEF) Max paper size: 350 x 500 mm in flex-xl trays only (bulk trays) Min paper size: Normal trays: same as Standard Paper module; flex-xl trays 203 x 208 mm"
Canon imagePRESS V1000,0,0,"[Series: imagePRESS V1000] Print speed (BW/CL): 100 ppm Recommended monthly volume: 75,000 - 600,000 pages Maximum monthly peak volume: Up to 600,000 pages Print Resolution (dpi): 2,400 x 2,400 Registration tolerance: Front to Back: 0.7mm or less Supported media weights: 52 to 400 gsm"
Canon BOOKLET FINISHER-AF1 (imagePRESS V1000),0,0,"[Series: imagePRESS V1000] Tray Capacity / Paper Weight / Staple Position / Staple Capacity: same as Staple Finisher-AF1 Booklet stitch paper size: A3, A4R, SRA3, 13”x19”, Free size (210 x 279.4 mm to 330.2 x 487.7 mm) Booklet stitch paper weight: Body sheet 52-220 gsm, Cover sheet 64-300 gsm Booklet stitch staple capacity: 25 sheets (52-80 gsm, include cover) Non-Staple Folded Bunch Capacity: up to 5 sheets (60 to 105 gsm)"
Canon POD Deck Lite-C1 (imagePRESS V1000),0,0,"[Series: imagePRESS V1000] Standard size: A3, A4, A4R, A5R, SRA3, 13 ""x 19"" (330 x 483 mm) Free size: 139.7 x 148 mm to 330.2 x 487.7 mm Envelopes: No.10 (COM10), Monarch, DL, ISO-C5 Paper Weight: 52 to 400 gsm Paper Capacity: 3,500 sheets (80 gsm) / 4,000 sheets (64gsm)"
Canon imagePRESS V1350,0,0,"[Series: imagePRESS V1350] Print speed (BW/CL): 135 ppm Recommended monthly volume: up to 1.2 million pages Maximum monthly peak volume: Up to 2.4 million pages Print Resolution (dpi): 2,400 x 2,400 Registration tolerance: Front to Back: 0.5mm or less Supported media weights: 60 to 500 gsm"
Canon BOOKLET FINISHER-AF1 (imagePRESS V1350),0,0,"[Series: imagePRESS V1350] Tray Capacity / Paper Weight / Staple Position / Staple Capacity: same as Staple Finisher-AF1 Booklet stitch paper size: A3, A4R, SRA3, 13”x19”, Free size (210 x 279.4 mm to 330.2 x 487.7 mm) Booklet stitch paper weight: Body sheet 60-220 gsm, Cover sheet 64-300 gsm Booklet stitch staple capacity: 25 sheets (60-80 gsm, include cover) Non-Staple Folded Bunch Capacity: up to 5 sheets (60 to 105 gsm)"
Canon POD Deck-E1 (imagePRESS V1350),0,0,"[Series: imagePRESS V1350] Paper Capacity: Up to 4,000 Sheets Attach Inline: Up to 2 Paper Size: 7.2"" x 7.2"" to 13"" x 19.2"" Paper Weight: 16 lb. Bond to 170 lb. Cover (60 gsm to 450 gsm) Power Source: 200 – 208 V, 60 Hz, 15 A Weight: 551 lb. Dimensions: 38.7"" W x 31.2"" D x 43.1"" H"
Canon imagePRESS V700,0,0,"[Series: imagePRESS V900] Print speed (BW/CL): 70 ppm Recommended monthly volume: 15,000 - 190,000 pages Maximum monthly peak volume: Up to 350,000 pages Print Resolution (dpi): 2,400 x 2,400 Registration tolerance: Front to Back: 0.8mm or less Supported media weights: 52 to 350 gsm Power Consumption: 8.9kWh"
Canon imagePRESS V800,0,0,"[Series: imagePRESS V900] Print speed (BW/CL): 80 ppm Recommended monthly volume: 30,000 - 220,000 pages Maximum monthly peak volume: Up to 400,000 pages Print Resolution (dpi): 2,400 x 2,400 Registration tolerance: Front to Back: 0.8mm or less Supported media weights: 52 to 350 gsm Power Consumption: 9.9kWh"
Canon imagePRESS V900,0,0,"[Series: imagePRESS V900] Print speed (BW/CL): 90 ppm Recommended monthly volume: 40,000 - 250,000 pages Maximum monthly peak volume: Up to 5000,000 pages Print Resolution (dpi): 2,400 x 2,400 Registration tolerance: Front to Back: 0.8mm or less Supported media weights: 52 to 350 gsm Power Consumption: 10.7kWh"
Canon POD Deck Lite-C1 (imagePRESS V900),0,0,"[Series: imagePRESS V900] Standard size: A3, A4, A4R, A5R, SRA3, 13 ""x 19"" (330 x 483 mm) Free size: 139.7 x 148 mm to 330.2 x 487.7 mm Envelopes: No.10 (COM10), Monarch, DL, ISO-C5 Paper Weight: 52 to 350 gsm Paper Capacity: 3,500 sheets (80 gsm) / 4,000 sheets (64gsm)"
Canon Staple Finisher -AG1 (imagePRESS V900),0,0,"[Series: imagePRESS V900] Upper Tray (A) Capacity: A4/A4R/A5R/A3/SRA3/13 ”x19 ” 1,000 sheets Long sheet (Over 487.7 mm up to 762 mm length) 100 sheets (52-79 gsm) / 50 sheets (80-150 gsm) / 25 sheets (151-300 gsm) Lower Tray (B) Capacity: A4 4,000 sheets (52-80 gsm) / 3,000 sheets (80.1-300 gsm), A4R 2,000 sheets (52-300 gsm), A3 1,500 sheets (52-300 gsm), SRA3 1,000 sheets (52-300 gsm), Any size 200 sheets (301-350 gsm) Paper Weight: 52 to 300 gsm Staple Position: Corner, Double Staple Capacity: A4: 100 sheets, A3/A4R: 50 sheets"
Canon Booklet Finisher-AC2 (Only compatible with V800 & V700) (imagePRESS V900),0,0,"[Series: imagePRESS V900] Tray Capacity / Paper Weight / Staple Position / Staple Capacity: same as Staple Finisher-AC2 but if there are any sheets on the saddle tray, the capacity of Tray A becomes limited to 1,500 sheets Booklet stitch paper size: A3, A4R, Free size (195 x 270 mm to 304.8 × 457.2 mm) Booklet stitch paper weight: Body sheet 52-220 gsm, Cover sheet 52-256 gsm Booklet stitch staple capacity (including 1 cover sheet): Non coated media; 20 sheets (52-81.4 gsm), 10 sheets (82-105 gsm), 5 sheets (106-150 gsm), 4 sheets (151-209 gsm), 3 sheets (210-220 gsm) Coated media; 5 sheets (85-150 gsm), 4 sheets (151-209 gsm), 3 sheets (210-220 gsm)"
Canon varioPRINT 115,0,0,"[Series: varioPRINT 140] Print speed (BW/CL): 117 ppm Recommended monthly volume: 80,000-500,000 Maximum monthly peak volume: 1,700,000 Print Resolution (dpi): 600 x 2,400 Registration tolerance: Front to Back: 0.5mm or less Supported media weights: 50 to 300 gsm"
Canon varioPRINT 130,0,0,"[Series: varioPRINT 140] Print speed (BW/CL): 133 ppm Recommended monthly volume: 150,000-650,000 Maximum monthly peak volume: 2,000,000 Print Resolution (dpi): 600 x 2,400 Registration tolerance: Front to Back: 0.5mm or less Supported media weights: 50 to 300 gsm"
Canon varioPRINT 140,0,0,"[Series: varioPRINT 140] Print speed (BW/CL): 143 ppm Recommended monthly volume: 200,000-800,000 Maximum monthly peak volume: 2,200,000 Print Resolution (dpi): 600 x 2,400 Registration tolerance: Front to Back: 0.5mm or less Supported media weights: 50 to 300 gsm"
Canon Booklet Finisher-AG1 (varioPRINT 140),0,0,"[Series: varioPRINT 140] Basic Information: Staple and stacking finisher Number of Trays: 2 Upper Tray (A) Capacity: A4/A4R/A5R 1,000 sheets, A3 1,000 sheets, SRA3/13""x19"" 1,000 sheets Lower Tray (B) Capacity: A44,000 sheets, A4R 2,000 sheets, A31,500 sheets, SRA31,000 sheets Stapled stacking capacity: A4200 sets or max 3,000 sheet Stapling Position: Corner, Double Acceptable Paper Weight: 52 - 300 gsm Staple Capacity: A4: 100 sheets, A3/A4R: 50 sheets"
Canon EXTERNAL PAPER MODULE-E1 (varioPRINT 140),0,0,"[Series: varioPRINT 140] Description: Optional external paper input module with single or dual paper trays First module: 2 x 1700 sheets (80 gsm, all sizes)/ 2 × 600 sheets (80 gsm, all sizes) Dual configuration: max. 2 x 3400 sheets (80 gsm, A4) 2 x 600 sheets (80 gsm, all sizes) Max paper capacity: 8,000 sheets (A480 gsm) / 4,600 sheets (all sizes) Paper size and weight: 50 - 300 gsm 203x203 mm -320 x 488 mm (all trays) Paper feed technology: Suction feed, Air separation, Paper Logic from all trays Features: Automatic paper size detection, Tray-empty detection, On-the-fly paper loading, Paper-level indication, Tab sheet processing, Custom paper size support, Optional dual paper trays"
